lambda_D_label,lambda_D_a0,E0_fac_au,chen_fac_au,absolute_error_au,relative_error_percent,max_n_used
inf,1000000.0,-32.372637557575814,-32.4771,0.10446244242418601,0.32164953898034615,6
100.0,100.0,-32.262808716148065,-32.3768,0.11399128385193791,0.35207705471800144,6
20.0,20.0,-31.826118464790063,-31.9081,0.08198153520993756,0.25693016885974895,6
12.5,12.5,-31.501470356305024,-31.5601,0.058629643694974476,0.18577141293904165,6
10.0,10.0,-31.28632673972749,-31.3298,0.04347326027250986,0.13876009509320156,5
5.0,5.0,-30.22659927928409,-30.1973,-0.029299279284092705,-0.09702615559699942,3
3.333,3.333,-29.19285546405202,-29.095,-0.09785546405202084,-0.3363308611514722,3
2.5,2.5,-28.184623469479902,-28.0242,-0.16042346947990183,-0.5724462053507391,2
2.0,2.0,-27.200982614791556,-26.9818,-0.21918261479155632,-0.8123350361782992,2
