model,level,lambda_D_a0,fac_energy,chen_energy,signed_error,absolute_error,signed_percent_error,absolute_percent_error,status
en_only,1s2s_3S1,inf,nan,nan,nan,nan,nan,nan,FAIL_PARSE
en_only,1s2p_3P1,inf,nan,nan,nan,nan,nan,nan,FAIL_PARSE
en_only,1s2p_1P1,inf,nan,nan,nan,nan,nan,nan,FAIL_PARSE
en_only,1s3p_3P1,inf,nan,nan,nan,nan,nan,nan,FAIL_PARSE
en_only,1s3p_1P1,inf,nan,nan,nan,nan,nan,nan,FAIL_PARSE
en_only,1s2s_3S1,20.0,nan,nan,nan,nan,nan,nan,FAIL_PARSE
en_only,1s2p_3P1,20.0,nan,nan,nan,nan,nan,nan,FAIL_PARSE
en_only,1s2p_1P1,20.0,nan,nan,nan,nan,nan,nan,FAIL_PARSE
en_only,1s3p_3P1,20.0,nan,nan,nan,nan,nan,nan,FAIL_PARSE
en_only,1s3p_1P1,20.0,nan,nan,nan,nan,nan,nan,FAIL_PARSE
en_only,1s2s_3S1,15.0,nan,nan,nan,nan,nan,nan,FAIL_PARSE
en_only,1s2p_3P1,15.0,nan,nan,nan,nan,nan,nan,FAIL_PARSE
en_only,1s2p_1P1,15.0,nan,nan,nan,nan,nan,nan,FAIL_PARSE
en_only,1s3p_3P1,15.0,nan,nan,nan,nan,nan,nan,FAIL_PARSE
en_only,1s3p_1P1,15.0,nan,nan,nan,nan,nan,nan,FAIL_PARSE
en_only,1s2s_3S1,10.0,nan,nan,nan,nan,nan,nan,FAIL_PARSE
en_only,1s2p_3P1,10.0,nan,nan,nan,nan,nan,nan,FAIL_PARSE
en_only,1s2p_1P1,10.0,nan,nan,nan,nan,nan,nan,FAIL_PARSE
en_only,1s3p_3P1,10.0,nan,nan,nan,nan,nan,nan,FAIL_PARSE
en_only,1s3p_1P1,10.0,nan,nan,nan,nan,nan,nan,FAIL_PARSE
en_only,1s2s_3S1,7.5,nan,nan,nan,nan,nan,nan,FAIL_PARSE
en_only,1s2p_3P1,7.5,nan,nan,nan,nan,nan,nan,FAIL_PARSE
en_only,1s2p_1P1,7.5,nan,nan,nan,nan,nan,nan,FAIL_PARSE
en_only,1s3p_3P1,7.5,nan,nan,nan,nan,nan,nan,FAIL_PARSE
en_only,1s3p_1P1,7.5,nan,nan,nan,nan,nan,nan,FAIL_PARSE
en_only,1s2s_3S1,5.0,nan,nan,nan,nan,nan,nan,FAIL_PARSE
en_only,1s2p_3P1,5.0,nan,nan,nan,nan,nan,nan,FAIL_PARSE
en_only,1s2p_1P1,5.0,nan,nan,nan,nan,nan,nan,FAIL_PARSE
en_only,1s3p_3P1,5.0,nan,nan,nan,nan,nan,nan,FAIL_PARSE
en_only,1s3p_1P1,5.0,nan,nan,nan,nan,nan,nan,FAIL_PARSE
en_only,1s2s_3S1,2.0,nan,nan,nan,nan,nan,nan,FAIL_PARSE
en_only,1s2p_3P1,2.0,nan,nan,nan,nan,nan,nan,FAIL_PARSE
en_only,1s2p_1P1,2.0,nan,nan,nan,nan,nan,nan,FAIL_PARSE
en_only,1s3p_3P1,2.0,nan,nan,nan,nan,nan,nan,FAIL_PARSE
en_only,1s3p_1P1,2.0,nan,nan,nan,nan,nan,nan,FAIL_PARSE
en_ee,1s2s_3S1,inf,nan,nan,nan,nan,nan,nan,FAIL_PARSE
en_ee,1s2p_3P1,inf,nan,nan,nan,nan,nan,nan,FAIL_PARSE
en_ee,1s2p_1P1,inf,nan,nan,nan,nan,nan,nan,FAIL_PARSE
en_ee,1s3p_3P1,inf,nan,nan,nan,nan,nan,nan,FAIL_PARSE
en_ee,1s3p_1P1,inf,nan,nan,nan,nan,nan,nan,FAIL_PARSE
en_ee,1s2s_3S1,20.0,nan,nan,nan,nan,nan,nan,FAIL_PARSE
en_ee,1s2p_3P1,20.0,nan,nan,nan,nan,nan,nan,FAIL_PARSE
en_ee,1s2p_1P1,20.0,nan,nan,nan,nan,nan,nan,FAIL_PARSE
en_ee,1s3p_3P1,20.0,nan,nan,nan,nan,nan,nan,FAIL_PARSE
en_ee,1s3p_1P1,20.0,nan,nan,nan,nan,nan,nan,FAIL_PARSE
en_ee,1s2s_3S1,15.0,nan,nan,nan,nan,nan,nan,FAIL_PARSE
en_ee,1s2p_3P1,15.0,nan,nan,nan,nan,nan,nan,FAIL_PARSE
en_ee,1s2p_1P1,15.0,nan,nan,nan,nan,nan,nan,FAIL_PARSE
en_ee,1s3p_3P1,15.0,nan,nan,nan,nan,nan,nan,FAIL_PARSE
en_ee,1s3p_1P1,15.0,nan,nan,nan,nan,nan,nan,FAIL_PARSE
en_ee,1s2s_3S1,10.0,nan,nan,nan,nan,nan,nan,FAIL_PARSE
en_ee,1s2p_3P1,10.0,nan,nan,nan,nan,nan,nan,FAIL_PARSE
en_ee,1s2p_1P1,10.0,nan,nan,nan,nan,nan,nan,FAIL_PARSE
en_ee,1s3p_3P1,10.0,nan,nan,nan,nan,nan,nan,FAIL_PARSE
en_ee,1s3p_1P1,10.0,nan,nan,nan,nan,nan,nan,FAIL_PARSE
en_ee,1s2s_3S1,7.5,nan,nan,nan,nan,nan,nan,FAIL_PARSE
en_ee,1s2p_3P1,7.5,nan,nan,nan,nan,nan,nan,FAIL_PARSE
en_ee,1s2p_1P1,7.5,nan,nan,nan,nan,nan,nan,FAIL_PARSE
en_ee,1s3p_3P1,7.5,nan,nan,nan,nan,nan,nan,FAIL_PARSE
en_ee,1s3p_1P1,7.5,nan,nan,nan,nan,nan,nan,FAIL_PARSE
en_ee,1s2s_3S1,5.0,nan,nan,nan,nan,nan,nan,FAIL_PARSE
en_ee,1s2p_3P1,5.0,nan,nan,nan,nan,nan,nan,FAIL_PARSE
en_ee,1s2p_1P1,5.0,nan,nan,nan,nan,nan,nan,FAIL_PARSE
en_ee,1s3p_3P1,5.0,nan,nan,nan,nan,nan,nan,FAIL_PARSE
en_ee,1s3p_1P1,5.0,nan,nan,nan,nan,nan,nan,FAIL_PARSE
en_ee,1s2s_3S1,2.0,nan,nan,nan,nan,nan,nan,FAIL_PARSE
en_ee,1s2p_3P1,2.0,nan,nan,nan,nan,nan,nan,FAIL_PARSE
en_ee,1s2p_1P1,2.0,nan,nan,nan,nan,nan,nan,FAIL_PARSE
en_ee,1s3p_3P1,2.0,nan,nan,nan,nan,nan,nan,FAIL_PARSE
en_ee,1s3p_1P1,2.0,nan,nan,nan,nan,nan,nan,FAIL_PARSE
