atomic_symbol,atomic_number,screening_parameter,ee_screen,excitation_energy_au,scaled_energy_cm
C,6,0.0,0,0.24397018349629587,1487.3684931633788
C,6,0.0,1,0.24397149985702724,1487.376518379614
C,6,0.05,0,0.2442818732424334,1489.268715155277
C,6,0.05,1,0.2434334375918301,1484.09621236375
C,6,0.1,0,0.2451351462063552,1494.4707087121033
C,6,0.1,1,0.24397157776559092,1487.376993350536
C,6,0.2,0,0.24769386004599364,1510.0699524129511
C,6,0.2,1,0.2454383924281589,1496.3194546101383
C,6,0.3,0,,
C,6,0.3,1,0.24831121558932714,1513.8336712866057
C,6,0.4,0,,
C,6,0.4,1,0.2511426376987719,1531.0954857267225
C,6,0.5,0,,
C,6,0.5,1,0.2529376726877169,1542.0389479499381
N,7,0.0,0,0.3120553236201568,1397.7189120625342
N,7,0.0,1,0.3120536493210244,1397.7114127526854
N,7,0.05,0,0.3125952174715866,1400.1371366193061
N,7,0.05,1,0.31162657111220726,1395.7984978167426
N,7,0.1,0,0.31412379598546625,1406.9837530225652
N,7,0.1,1,0.31215732944956087,1398.1758037291934
N,7,0.2,0,0.31955287004668004,1431.3009779374117
N,7,0.2,1,0.3157519170216639,1414.276227757559
N,7,0.3,0,0.3269539947033506,1464.4511635620377
N,7,0.3,1,0.3216056023096765,1440.4953178131304
N,7,0.4,0,,
N,7,0.4,1,0.32868667380939875,1472.2119616377242
N,7,0.5,0,,
N,7,0.5,1,0.3362149985284884,1505.9318857651128
O,8,0.0,0,0.3795323469803566,1301.5268972897716
O,8,0.0,1,0.379538833235775,1301.5491405477096
O,8,0.05,0,0.3802084793900703,1303.8455521405986
O,8,0.05,1,0.37925283163354667,1300.56835780039
O,8,0.1,0,0.38213174783238274,1310.440999480711
O,8,0.1,1,0.3800659728673436,1303.3568557914107
O,8,0.2,0,0.3892185129046373,1334.7435798264924
O,8,0.2,1,0.3866102995650797,1325.7992570505473
O,8,0.3,0,0.3997263385556666,1370.7779727462446
O,8,0.3,1,0.39290138300664934,1347.3732134667603
O,8,0.4,0,0.4122817078328509,1413.8339887872353
O,8,0.4,1,0.4030777444686059,1382.2709191950285
O,8,0.5,0,,
O,8,0.5,1,0.41474611004873363,1422.2851413575797
Si,14,0.0,0,0.7893600048814684,883.9004847355023
Si,14,0.0,1,0.7893595969639888,883.9000279623498
Si,14,0.05,0,0.7902954515354228,884.9479684511216
Si,14,0.05,1,0.7896620769624186,884.2387355426447
Si,14,0.1,0,0.7930406810489282,888.0219900416405
Si,14,0.1,1,0.7915640565222164,886.368512380166
Si,14,0.2,0,0.8036441321119919,899.8954007497478
Si,14,0.2,1,0.799746884837272,895.5313859352698
Si,14,0.3,0,0.8205403901598497,918.8152986244319
Si,14,0.3,1,0.8144324690164705,911.9758408029404
Si,14,0.4,0,0.8431474304478039,944.1299506784823
Si,14,0.4,1,0.8349714007574078,934.9746900092542
Si,14,0.5,0,0.8708989275417217,975.2052035184499
Si,14,0.5,1,0.8567479394316239,959.3593725000921
Fe,26,0.0,0,1.7332121255713393,562.7161094249752
Fe,26,0.0,1,1.7332114457088734,562.7158886963315
Fe,26,0.05,0,1.734264828288542,563.0578868500611
Fe,26,0.05,1,1.7338794859177762,562.9327790479203
Fe,26,0.1,0,1.737387895961162,564.0718426517079
Fe,26,0.1,1,1.7365231182543435,563.7910782031336
Fe,26,0.2,0,1.7496611664141657,568.0565637930731
Fe,26,0.2,1,1.747383502205551,567.3170822702182
Fe,26,0.3,0,1.7696590819793647,574.5492192952082
Fe,26,0.3,1,1.7653780284555591,573.1593041500197
Fe,26,0.4,0,1.797045173209964,583.4405687626372
Fe,26,0.4,1,1.7901162464777762,581.1909775927496
Fe,26,0.5,0,1.8314976667132297,594.6261431179724
Fe,26,0.5,1,1.8215122584058299,591.3842144291183
Mo,42,0.0,0,3.3219895870134724,413.3177071846001
Mo,42,0.0,1,3.3219928981274283,413.3181191491752
Mo,42,0.05,0,3.3231146013725263,413.45768003618633
Mo,42,0.05,1,3.3229267057616,413.43430230393767
Mo,42,0.1,0,3.326459160886687,413.8738058649184
Mo,42,0.1,1,3.3259859141365404,413.8149251078963
Mo,42,0.2,0,3.339711010673444,415.5225841125171
Mo,42,0.2,1,3.3384240714496634,415.36246477579846
Mo,42,0.3,0,3.3615001286407464,418.2335583777666
Mo,42,0.3,1,3.358872202964608,417.90659521708744
Mo,42,0.4,0,3.3916033876022023,421.9789674607369
Mo,42,0.4,1,3.387245189900639,421.4367260616341
Mo,42,0.5,0,3.4297910932674935,426.73023309080423
Mo,42,0.5,1,3.4233032025042953,425.92301799741796
